<?xml version="1.0" encoding="UTF-8"?>
<project-private xmlns="http://www.netbeans.org/ns/project-private/1">
    <editor-bookmarks xmlns="http://www.netbeans.org/ns/editor-bookmarks/2" lastBookmarkId="0"/>
    <open-files xmlns="http://www.netbeans.org/ns/projectui-open-files/2">
        <group>
            <file>file:/home/lafij/xampp/HSMS/hsms/resources/views/fe/emp_portal/forum.blade.php</file>
            <file>file:/home/lafij/xampp/HSMS/hsms/resources/views/fe/emp_portal/forum_sidebar.blade.php</file>
            <file>file:/home/lafij/xampp/HSMS/hsms/routes/web.php</file>
            <file>file:/home/lafij/xampp/HSMS/hsms/app/Http/Controllers/EmpDboardController.php</file>
            <file>file:/home/lafij/xampp/HSMS/hsms/app/Http/Controllers/PeopleController.php</file>
            <file>file:/home/lafij/xampp/HSMS/hsms/resources/views/fe/emp_portal/add_forum.blade.php</file>
            <file>file:/home/lafij/xampp/HSMS/hsms/resources/views/fe/emp_portal/emp_dboard.blade.php</file>
            <file>file:/home/lafij/xampp/HSMS/hsms/resources/views/ap/pages/people/info_emp.blade.php</file>
            <file>file:/home/lafij/xampp/HSMS/hsms/resources/views/fe/emp_portal/forum_details.blade.php</file>
        </group>
    </open-files>
</project-private>
